{
  "baseUrl": "http://localhost:5000",
  "video": true,
  "videoUploadOnPasses": false,
  "fixturesFolder": "client/cypress/fixtures",
  "integrationFolder": "client/cypress/integration",
  "pluginsFile": "client/cypress/plugins/index.js",
  "screenshotsFolder": "client/cypress/screenshots",
  "videosFolder": "client/cypress/videos",
  "supportFile": "client/cypress/support/index.js",
  "defaultCommandTimeout": 20000,
  "requestTimeout": 15000,
  "viewportWidth": 1280,
  "viewportHeight": 1024
}
