{
  "input": {
    "data": [
      { "a": 42, "b": 10, "c": 41, "d": 92 },
      { "a": 62, "b": 73 },
      { "a": 21, "b": null, "c": 33 },
      { "a": 85, "b": 50 },
      { "a": 95 }
    ],
    "options": {
      "columnMapping": {
        "a": "x",
        "b": "y",
        "c": "y"
      },
      "seriesOptions": {}
    }
  },
  "output": {
    "data": [
      {
        "name": "b",
        "type": "column",
        "data": [
          { "x": 42, "y": 10, "$raw": { "a": 42, "b": 10, "c": 41, "d": 92 } },
          { "x": 62, "y": 73, "$raw": { "a": 62, "b": 73 } },
          { "x": 21, "y": null, "$raw": { "a": 21, "b": null, "c": 33 } },
          { "x": 85, "y": 50, "$raw": { "a": 85, "b": 50 } }
        ]
      },
      {
        "name": "c",
        "type": "column",
        "data": [
          { "x": 42, "y": 41, "$raw": { "a": 42, "b": 10, "c": 41, "d": 92 } },
          { "x": 21, "y": 33, "$raw": { "a": 21, "b": null, "c": 33 } }
        ]
      }
    ]
  }
}
