{
  "input": {
    "data": [
      { "a": 42, "b": 10, "g": "first" },
      { "a": 62, "b": 73, "g": "first" },
      { "a": 21, "b": 82, "g": "second" },
      { "a": 85, "b": 50, "g": "first" },
      { "a": 95, "b": 32, "g": "second" }
    ],
    "options": {
      "columnMapping": {
        "a": "x",
        "b": "y",
        "g": "series"
      },
      "seriesOptions": {}
    }
  },
  "output": {
    "data": [
      {
        "name": "first",
        "type": "column",
        "data": [
          { "x": 42, "y": 10, "$raw": { "a": 42, "b": 10, "g": "first" } },
          { "x": 62, "y": 73, "$raw": { "a": 62, "b": 73, "g": "first" } },
          { "x": 85, "y": 50, "$raw": { "a": 85, "b": 50, "g": "first" } }
        ]
      },
      {
        "name": "second",
        "type": "column",
        "data": [
          { "x": 21, "y": 82, "$raw": { "a": 21, "b": 82, "g": "second" } },
          { "x": 95, "y": 32, "$raw": { "a": 95, "b": 32, "g": "second" } }
        ]
      }
    ]
  }
}
